"MAE","sd(MAE)","Max"
0.0365944790713688,0.0222873110737853,0.0793537287083066
0.0351315553340288,0.0247314898056072,0.0904913115585464
0.0365854345071156,0.0223235472447738,0.0787417371927592
