"MAE","sd(MAE)","Max"
0.00494324919288105,0.00251834954230428,0.00911150279532889
0.00549316521182316,0.00263427672958464,0.00979365981898477
0.00488364843677355,0.0025839938894801,0.00935053348601753
