"MAE","sd(MAE)","Max"
0.00543802466807759,0.00442282007194649,0.0137523467246455
0.00526139757088728,0.00443024746693944,0.0132114863345417
0.00530058127817527,0.00451740047678065,0.0141769533383999
