,MAE,sd(MAE),Max
baseline,0.017439536,0.012894777,0.042945038
discrimination error,0.018222053,0.013794985,0.046398757
average certainty score,0.016007847,0.011212481,0.029510947
