"MAE","sd(MAE)","Max"
0.0174395357576182,0.0128947767369769,0.0429450382138269
0.0182220530025976,0.0137949851528328,0.0463987568782154
0.016007846554778,0.0112124805749352,0.0295109465919778
