MAE,sd(MAE),Max
0.004943249,0.00251835,0.009111503
0.005493165,0.002634277,0.00979366
0.004883648,0.002583994,0.009350533
