"MAE","sd(MAE)","Max"
0.0484085005903188,0.0454480549178732,0.180034632034632
0.213592496727272,0.0398336109022549,0.313216537737978
0.0174761842369495,0.0204075401061563,0.0669435196677883
