"MAE","sd(MAE)","Max"
0.0250737490986328,0.0225074102591509,0.0692492572369467
0.0261403353610845,0.0225667283843713,0.0766433121649165
0.0248457634287798,0.0210418673805038,0.0675318298266806
