,MAE,sd(MAE),Max
baseline,0.025073749,0.02250741,0.069249257
discrimination error,0.026140335,0.022566728,0.076643312
average certainty score,0.024845763,0.021041867,0.06753183
