"MAE","sd(MAE)","Max"
0.00379803504364299,0.003093317759652,0.0102119466946627
0.00382669344090425,0.00300730944398112,0.0108086781107346
0.0038386670655972,0.00299765890909246,0.0102960616776031
