"MAE","sd(MAE)","Max"
0.0893459965703733,0.110678755612898,0.391248120300752
0.130960925056504,0.105837197405611,0.367942374034871
0.0794786391747987,0.113486423664459,0.457721677257113
