,MAE,sd(MAE),Max
baseline,0.089345997,0.110678756,0.39124812
discrimination error,0.130960925,0.105837197,0.367942374
average certainty score,0.079478639,0.113486424,0.457721677
