"MAE","sd(MAE)","Max"
0.00496546584065245,0.00268059792605863,0.00996067882465561
0.0054866599108085,0.00274320412060384,0.0104864576539982
0.00490391110439486,0.00271018225519967,0.0102142015777597
